activity_id,year,quarter,theme,activity,status,completed_on,evidence_locator,source_label
ROADMAP-Q1-1,2026,Q1,energy-literacy,Proposed national youth energy literacy campaign,proposed,,,ILLUSTRATIVE translation of 2026-2030 roadmap
ROADMAP-Q1-2,2026,Q1,dialogue,Proposed national youth energy dialogue,proposed,,,ILLUSTRATIVE translation of 2026-2030 roadmap
ROADMAP-Q2-1,2026,Q2,skills,Proposed green skills training,proposed,,,ILLUSTRATIVE translation of 2026-2030 roadmap
ROADMAP-Q2-2,2026,Q2,innovation,Proposed technical innovation showcase,proposed,,,ILLUSTRATIVE translation of 2026-2030 roadmap
ROADMAP-Q3-1,2026,Q3,regional-engagement,Proposed regional collaboration scoping,proposed,,,ILLUSTRATIVE translation of 2026-2030 roadmap
ROADMAP-Q4-1,2026,Q4,policy,Proposed youth energy policy lab,proposed,,,ILLUSTRATIVE translation of 2026-2030 roadmap
WORKSHOP-1,2026,Q2,capacity,Proposed district workshop A,funding_requested,,,ILLUSTRATIVE representation of workshop funding document
WORKSHOP-2,2026,Q2,capacity,Proposed district workshop B,funding_requested,,,ILLUSTRATIVE representation of workshop funding document
WORKSHOP-3,2026,Q3,capacity,Proposed district workshop C,funding_requested,,,ILLUSTRATIVE representation of workshop funding document
WORKSHOP-4,2026,Q3,capacity,Proposed district workshop D,funding_requested,,,ILLUSTRATIVE representation of workshop funding document
COMMITTEE-1,2026,Q4,governance,Proposed technical committee formation,proposed,,,ILLUSTRATIVE scenario; retrospective claim unresolved
